word	pos	pos_share
person	noun	1.00
group	noun	1.00
man	noun	1.00
see	verb	1.00
location	noun	1.00
know	verb	1.00
come	verb	1.00
give	verb	1.00
find	verb	1.00
seem	verb	1.00
use	verb	0.84
time	noun	0.99
think	verb	1.00
tell	verb	1.00
become	verb	1.00
feel	verb	0.99
now	adv	0.98
begin	verb	1.00
year	noun	1.00
look	verb	0.90
ask	verb	1.00
want	verb	0.99
show	verb	0.94
leave	verb	0.99
way	noun	0.98
new	adj	1.00
try	verb	0.99
hear	verb	1.00
day	noun	1.00
keep	verb	1.00
hold	verb	0.97
youth	noun	1.00
thing	noun	1.00
provide	verb	1.00
stand	verb	0.95
start	verb	0.94
include	verb	1.00
people	noun	1.00
write	verb	1.00
move	verb	0.96
eye	noun	0.96
mean	verb	0.88
appear	verb	1.00
run	verb	0.90
follow	verb	1.00
own	adj	0.85
little	adj	0.90
good	adj	0.87
form	noun	0.72
life	noun	1.00
head	noun	0.82
turn	verb	0.92
call	verb	0.93
again	adv	1.00
face	noun	0.68
same	adj	1.00
play	verb	0.80
bring	verb	1.00
expect	verb	1.00
live	verb	0.98
believe	verb	1.00
consider	verb	1.00
small	adj	1.00
part	noun	0.94
reach	verb	0.97
hand	noun	0.90
help	verb	0.90
meet	verb	0.98
work	verb	0.52
long	adj	0.84
receive	verb	1.00
area	noun	1.00
continue	verb	1.00
child	noun	1.00
serve	verb	1.00
number	noun	0.96
old	adj	1.00
need	verb	0.68
remain	verb	1.00
problem	noun	1.00
high	adj	0.93
add	verb	1.00
boy	noun	1.00
develop	verb	1.00
grow	verb	1.00
lead	verb	0.90
pay	verb	0.93
always	adv	1.00
happen	verb	1.00
place	noun	0.53
lie	verb	0.94
line	noun	0.94
state	noun	0.68
walk	verb	0.93
indicate	verb	1.00
foot	noun	0.99
sit	verb	1.00
wait	verb	0.98
remember	verb	1.00
figure	noun	0.84
require	verb	1.00
back	adv	0.63
water	noun	0.96
great	adj	1.00
watch	verb	0.91
speak	verb	1.00
lose	verb	1.00
almost	adv	1.00
determine	verb	1.00
friend	noun	1.00
voice	noun	0.98
read	verb	1.00
pass	verb	0.92
side	noun	0.97
body	noun	1.00
field	noun	0.99
world	noun	0.99
night	noun	1.00
soldier	noun	1.00
case	noun	0.99
house	noun	0.91
stop	verb	0.94
moment	noun	1.00
fight	verb	0.80
certain	adj	1.00
carry	verb	0.99
idea	noun	1.00
possible	adj	0.99
girl	noun	1.00
produce	verb	0.99
cause	verb	0.79
return	verb	0.77
often	adv	1.00
open	verb	0.62
point	noun	0.77
learn	verb	1.00
understand	verb	1.00
important	adj	1.00
information	noun	1.00
offer	verb	0.97
program	noun	0.96
change	verb	0.54
question	noun	0.78
school	noun	0.99
talk	verb	0.91
send	verb	1.00
increase	verb	0.64
mind	noun	0.87
word	noun	0.99
contain	verb	1.00
regiment	noun	0.99
allow	verb	1.00
die	verb	0.95
interest	noun	0.95
woman	noun	1.00
type	noun	0.98
enter	verb	1.00
surface	noun	0.98
end	noun	0.61
large	adj	1.00
nothing	noun	1.00
well	adv	0.86
action	noun	1.00
build	verb	0.99
door	noun	1.00
create	verb	1.00
spend	verb	1.00
development	noun	1.00
family	noun	1.00
report	verb	0.65
obtain	verb	1.00
fact	noun	1.00
decide	verb	1.00
result	noun	0.61
value	noun	0.97
different	adj	1.00
study	noun	0.51
describe	verb	1.00
reduce	verb	1.00
death	noun	1.00
church	noun	1.00
room	noun	0.99
experience	noun	0.76
raise	verb	0.98
drive	verb	0.85
kind	noun	0.97
cover	verb	0.83
establish	verb	1.00
position	noun	0.98
explain	verb	1.00
far	adv	0.83
later	adv	0.89
effect	noun	0.86
stay	verb	0.98
country	noun	1.00
job	noun	1.00
suggest	verb	1.00
perhaps	adv	1.00
down	adv	0.87
american	adj	0.78
hope	verb	0.70
wife	noun	1.00
big	adj	0.98
home	noun	0.63
material	noun	0.92
early	adj	0.82
officer	noun	0.99
rather	adv	1.00
light	noun	0.62
set	verb	0.66
city	noun	1.00
seek	verb	1.00
represent	verb	1.00
cell	noun	1.00
fall	verb	0.81
god	noun	1.00
spirit	noun	1.00
wear	verb	1.00
hour	noun	1.00
power	noun	0.97
win	verb	0.98
present	verb	0.49
involve	verb	1.00
level	noun	0.90
accept	verb	1.00
prove	verb	1.00
rise	verb	0.88
system	noun	1.00
away	adv	0.99
probably	adv	1.00
express	verb	0.98
reason	noun	0.95
choose	verb	1.00
quite	adv	1.00
whole	adj	0.92
arm	noun	0.96
join	verb	1.00
note	verb	0.74
suddenly	adv	1.00
young	adj	0.94
government	noun	1.00
rate	noun	0.90
fail	verb	1.00
ground	noun	0.96
history	noun	1.00
month	noun	1.00
tree	noun	1.00
week	noun	1.00
apply	verb	1.00
recognize	verb	1.00
already	adv	1.00
purpose	noun	1.00
war	noun	1.00
amount	noun	0.85
company	noun	1.00
draw	verb	0.95
kill	verb	0.96
exist	verb	1.00
age	noun	0.98
buy	verb	1.00
horse	noun	1.00
name	noun	0.66
maintain	verb	1.00
century	noun	1.00
pressure	noun	0.99
assume	verb	1.00
really	adv	1.00
low	adj	0.97
drop	verb	0.84
remove	verb	1.00
occur	verb	1.00
prevent	verb	1.00
enough	adv	0.61
business	noun	1.00
wonder	verb	0.89
better	adj	0.66
course	noun	0.99
mother	noun	0.98
plant	noun	0.90
wish	verb	0.93
achieve	verb	1.00
force	noun	0.52
hit	verb	0.85
sometimes	adv	1.00
effort	noun	1.00
throw	verb	0.95
wall	noun	1.00
listen	verb	1.00
gun	noun	1.00
section	noun	1.00
shoot	verb	1.00
law	noun	1.00
period	noun	1.00
road	noun	1.00
sell	verb	1.00
usually	adv	1.00
break	verb	0.91
fill	verb	0.96
method	noun	1.00
realize	verb	1.00
best	adj	0.77
dark	adj	0.80
earth	noun	1.00
office	noun	1.00
permit	verb	0.93
society	noun	1.00
picture	noun	0.91
center	noun	0.84
minute	noun	0.95
social	adj	0.99
activity	noun	1.00
catch	verb	0.99
difference	noun	1.00
money	noun	1.00
temperature	noun	1.00
agree	verb	1.00
enjoy	verb	1.00
general	adj	0.69
street	noun	1.00
announce	verb	1.00
forget	verb	1.00
available	adj	1.00
plan	verb	0.53
deal	verb	0.89
attend	verb	1.00
true	adj	0.98
morning	noun	1.00
ride	verb	0.94
teach	verb	1.00
observe	verb	1.00
therefore	adv	1.00
cut	verb	0.92
major	adj	0.96
condition	noun	0.96
product	noun	1.00
discover	verb	1.00
various	adj	1.00
close	verb	0.45
answer	verb	0.58
cost	noun	0.63
design	verb	0.73
fellow	noun	1.00
stare	verb	0.91
woods	noun	1.00
sing	verb	1.00
game	noun	1.00
care	verb	0.83
leg	noun	1.00
sense	noun	0.77
full	adj	0.97
mass	noun	0.97
air	noun	0.99
evidence	noun	0.86
heart	noun	1.00
situation	noun	1.00
bear	verb	0.99
enemy	noun	1.00
support	verb	0.66
treat	verb	1.00
prepare	verb	1.00
finally	adv	1.00
necessary	adj	1.00
right	noun	0.39
today	noun	0.73
distance	noun	1.00
love	verb	0.63
mention	verb	0.90
table	noun	1.00
window	noun	1.00
operate	verb	1.00
suppose	verb	1.00
sound	noun	0.52
battle	noun	0.93
student	noun	1.00
reflect	verb	1.00
able	adj	1.00
clear	adj	0.70
dead	adj	0.89
few	adj	1.00
human	adj	0.94
national	adj	0.98
father	noun	0.98
fear	noun	0.65
shake	verb	1.00
view	noun	0.71
hard	adj	0.82
less	adv	0.67
sure	adj	0.82
conduct	verb	0.91
measure	verb	0.83
save	verb	1.00
smile	verb	0.73
stress	noun	0.71
town	noun	1.00
about	adv	1.00
normal	adj	1.00
attitude	noun	1.00
compare	verb	1.00
concern	verb	0.64
experiment	noun	0.82
feed	verb	0.71
fire	noun	0.52
member	noun	1.00
strike	verb	0.90
visit	verb	0.78
eat	verb	1.00
improve	verb	1.00
slowly	adv	1.00
attention	noun	1.00
direction	noun	1.00
admit	verb	1.00
imagine	verb	1.00
quality	noun	1.00
real	adj	0.90
white	adj	0.83
data	noun	1.00
demand	verb	0.65
matter	noun	0.78
push	verb	0.94
base	verb	0.74
doctor	noun	0.97
rifle	noun	0.99
deny	verb	1.00
short	adj	0.95
single	adj	0.85
art	noun	1.00
community	noun	1.00
function	noun	0.85
hang	verb	1.00
land	noun	0.74
direct	verb	0.63
patient	noun	0.96
simple	adj	1.00
size	noun	0.97
tall	adj	1.00
approach	verb	0.65
car	noun	1.00
literature	noun	1.00
manner	noun	1.00
merely	adv	1.00
public	adj	0.65
letter	noun	0.99
paper	noun	1.00
region	noun	1.00
religion	noun	1.00
scene	noun	1.00
success	noun	1.00
theory	noun	1.00
contribute	verb	1.00
destroy	verb	1.00
common	adj	0.99
modern	adj	0.97
act	noun	0.51
industry	noun	1.00
swing	verb	0.95
complete	adj	0.53
economic	adj	1.00
price	noun	0.95
source	noun	1.00
statement	noun	1.00
wage	noun	0.89
strong	adj	1.00
audience	noun	1.00
degree	noun	1.00
expression	noun	1.00
finish	verb	0.96
movement	noun	1.00
pattern	noun	0.95
record	noun	0.59
smoke	noun	0.85
stage	noun	0.83
extend	verb	1.00
easy	adj	0.93
together	adv	0.97
black	adj	0.94
special	adj	0.99
election	noun	1.00
event	noun	1.00
husband	noun	1.00
before	adv	1.00
pull	verb	0.88
refuse	verb	0.99
declare	verb	1.00
suffer	verb	1.00
similar	adj	1.00
file	verb	0.77
especially	adv	1.00
indeed	adv	1.00
ready	adj	0.94
simply	adv	1.00
forward	adv	0.85
blue	adj	0.74
difficult	adj	1.00
around	adv	1.00
basic	adj	1.00
deep	adj	0.95
likely	adj	0.87
political	adj	1.00
wide	adj	0.93
hot	adj	1.00
particularly	adv	1.00
alone	adv	0.66
soon	adv	1.00
bad	adj	0.94
red	adj	0.77
instead	adv	1.00
maybe	adv	1.00
final	adj	1.00
effective	adj	1.00
strange	adj	1.00
certainly	adv	1.00
somewhat	adv	1.00
directly	adv	1.00
nearly	adv	1.00
heavy	adj	1.00
latter	adj	1.00
military	adj	0.98
jewish	adj	1.00
larger	adj	1.00
apparently	adv	1.00
dominant	adj	1.00
loud	adj	0.98
immediately	adv	1.00
local	adj	0.96
generally	adv	1.00
cold	adj	0.83
free	adj	0.74
vocational	adj	1.00
actually	adv	1.00
clearly	adv	1.00
entire	adj	1.00
federal	adj	1.00
gray	adj	0.81
completely	adv	1.00
impossible	adj	0.98
personal	adj	1.00
greater	adj	1.00
late	adj	0.71
serious	adj	1.00
average	adj	0.59
former	adj	1.00
recent	adj	1.00
carefully	adv	1.00
entirely	adv	1.00
private	adj	0.79
specific	adj	1.00
further	adv	0.80
near	adj	0.59
physical	adj	1.00
obviously	adv	1.00
natural	adj	1.00
particular	adj	0.86
presently	adv	1.00
wild	adj	0.98
successful	adj	1.00
above	adv	1.00
wrong	adj	0.85
thin	adj	0.95
southern	adj	1.00
essential	adj	0.98
thick	adj	0.98
aware	adj	1.00
quickly	adv	1.00
rapidly	adv	1.00
sharp	adj	0.97
warm	adj	0.93
happy	adj	1.00
exactly	adv	1.00
frequently	adv	1.00
hardly	adv	1.00
brown	adj	0.93
proper	adj	1.00
along	adv	1.00
christian	adj	0.79
daily	adv	1.00
soft	adj	0.97
moreover	adv	1.00
empty	adj	0.78
maximum	adj	0.75
million	adj	0.69
regular	adj	0.97
relatively	adv	1.00
firm	adj	0.56
actual	adj	1.00
pretty	adv	0.60
easily	adv	1.00
heavily	adv	1.00
inside	adv	0.75
below	adv	1.00
ahead	adv	0.97
fully	adv	1.00
naturally	adv	1.00
otherwise	adv	1.00
recently	adv	1.00
somewhere	adv	1.00
off	adv	0.88
occasionally	adv	1.00
previously	adv	1.00
apart	adv	0.97
essentially	adv	1.00
